Hotel_Name,Address,Zipcode,Num_Rooms,Website,Longitude,Latitude,is_large_hotel,has_coordinates
MOTEL 6 WASHINGTON DC,6711 GEORGIA AVENUE NW,20012,72.0,https://www.motel6.com/en/motels.dc.washington.4063.html?ncr=true,-8574583.42380329,4717672.12230263,0,1
EMBASSY SUITES BY HILTON WASHINGTON DC CHEVY CHASE PAVILION,4300 MILITARY ROAD NW,20015,198.0,http://www.embassysuitesdcmetro.com/,-8581050.12166392,4716054.30850869,1,1
INTERNATIONAL GUEST HOUSE,1441 KENNEDY STREET NW,20011,12.0,https://igh-dc.com/,-8575540.46751526,4715432.4959192,0,1
DAYS INN BY WYNDHAM WASHINGTON DC/CONNECTICUT AVENUE,4400 CONNECTICUT AVENUE NW,20008,155.0,http://www.dcdaysinn.com/,-8578904.3360595,4714076.46902836,1,1
ASANTE SANA INN,1207 KENYON STREET NW,20010,6.0,,-8574762.83766631,4711638.71005815,0,1
THE KALORAMA GUEST HOUSE,2700 CATHEDRAL AVENUE NW,20008,11.0,http://kaloramaguesthouse.com/,-8577782.59903509,4711386.72047161,0,1
LUXBNB,5185 MACARTHUR BOULEVARD NW,20016,,https://www.luxbnb.com/,-8583036.84194258,4711183.64738197,0,1
WOODLEY PARK GUEST HOUSE,2647 WOODLEY ROAD NW,20008,15.0,http://www.dcinns.com/woodley.html,-8577582.79889452,4711059.54150811,0,1
WASHINGTON MARRIOTT WARDMAN PARK,2660 WOODLEY ROAD NW,20008,1300.0,http://www.marriott.com/hotels/travel/wasdt-washington-marriott-wardman-park/,-8577690.08858629,4710894.66537117,1,1
ADAM'S INN,1746 LANIER PLACE NW,20009,26.0,http://adamsinn.com/,-8576231.71511286,4710869.06497749,0,1
KIMPTON GLOVER PARK HOTEL,2505 WISCONSIN AVENUE NW,20007,150.0,https://www.gloverparkhotel.com,-8579700.06261153,4710693.05175542,1,1
THE LINE DC,1770 EUCLID STREET NW,20009,,https://www.thelinehotel.com/dc/,-8576243.34605278,4710615.41509619,0,1
OMNI SHOREHAM HOTEL,2500 CALVERT STREET NW,20008,832.0,https://www.omnihotels.com/hotels/washington-dc-shoreham,-8577574.94005963,4710595.51117624,1,1
HIGHROAD HOSTE,1804 BELMONT ROAD NW,20009,,http://highroadhostels.com/,-8576308.66021367,4710277.97956129,0,1
WINDSOR PARK HOTEL,2116 KALORAMA ROAD NW,20008,43.0,http://www.windsorparkhotel.com/,-8577005.48921802,4709955.34274495,0,1
DAYS INN BY WYNDHAM WASHINGTON DC/GATEWAY,2700 NEW YORK AVENUE NE,20002,195.0,https://www.wyndhamhotels.com/days-inn/washington-district-of-columbia/days-inn-washington-dc-gateway/overview,-8568328.19602156,4709930.37632468,1,1
AMERICAN GUEST HOUSE,2005 COLUMBIA ROAD NW,20009,12.0,http://www.americanguesthouse.com/,-8576715.38080132,4709892.49341421,0,1
QUALITY INN  & SUITES NEW YORK AVE,1600 NEW YORK AVENUE NE,20002,134.0,https://www.choicehotels.com/district-of-columbia/washington/quality-inn-hotels/dc012,-8569371.48883321,4709851.39446334,1,1
THE NORMANDY HOTEL,2118 WYOMING AVENUE NW,20008,75.0,http://www.thenormandydc.com/,-8576892.69605187,4709832.09625495,0,1
"FAIRFIELD INN & SUITES WASHINGTON, DC/NEW YORK AVENUE",2305 NEW YORK AVENUE NE,20002,126.0,http://www.marriott.com/hotels/travel/wasna-fairfield-inn-and-suites-washington-dc-new-york-avenue/,-8568427.17673667,4709766.87687645,1,1
IVY CITY HOTEL,1615 NEW YORK AVENUE NE,20002,58.0,https://www.ivycityhotel.com/,-8569427.10616341,4709741.23509367,0,1
WASHINGTON HILTON,1919 CONNECTICUT AVENUE NW,20009,1070.0,http://www3.hilton.com/en/hotels/district-of-columbia/washington-hilton-DCAWHHH/index.html,-8576636.78574022,4709713.92293679,1,1
THE CHURCHILL HOTEL NEAR EMBASSY ROW,1914 CONNECTICUT AVENUE NW,20009,173.0,http://www.thechurchillhotel.com/,-8576828.66591831,4709701.06606506,1,1
THE BIRDHOUSE BED AND BREAKFAST,327 T STREET NW,20001,7.0,https://www.birdhousebnb.com/index.htm,-8573497.61911557,4709658.80462221,0,1
"COURTYARD WASHINGTON, DC/DUPONT CIRCLE",1900 CONNECTICUT AVENUE NW,20009,147.0,http://www.marriott.com/hotels/travel/wasnw-courtyard-washington-dc-dupont-circle/,-8576818.87240113,4709651.66981462,1,1
LEDROIT PARK BED AND BREAKFEAST,210 T STREET NW,20001,2.0,http://www.ledroitparkrenaissancebedandbreakfast.com/,-8573259.46394982,4709606.94502772,0,1
GEORGETOWN HILL INN,1832 WISCONSIN AVENUE NW,20007,8.0,http://www.georgetownhillinn.com/,-8579146.66222031,4709570.19112401,0,1
WINDSOR INN,1842 16TH STREET NW,20009,58.0,http://www.windsor-inn-hotel-dc.com/,-8575713.84122657,4709545.47684107,0,1
SWANN HOUSE LLC,1808 NEW HAMPSHIRE AVENUE NW,20009,12.0,http://swannhouse.com/,-8575973.72316726,4709441.2828801,0,1
KIMPTON CARLYLE HOTEL,1731 NEW HAMPSHIRE AVENUE NW,20009,170.0,https://www.carlylehoteldc.com/boutique-hotels-washington-dc/,-8575994.94258602,4709266.92464414,1,1
IVY MANSION B&B AT DUPONT CIRCLE,1705 21ST STREET NW,20009,,http://theivymansion.com/,-8576766.99819555,4709213.07531521,0,1
EMBASSY CIRCLE GUEST HOUSE,2224 R STREET NW,20008,11.0,http://www.dcinns.com/embassy.html,-8577145.73081202,4709135.93479617,0,1
HOWARD JOHNSON BY WYNDHAM WASHINGTON DC,600 NEW YORK AVENUE NE,20002,53.0,https://www.wyndhamhotels.com/hojo/washington-district-of-columbia/howard-johnson-express-inn-washington-dc/overview,-8571111.95446555,4709121.69327582,0,1
THE EMBASSY INN HOTEL,1627 16TH STREET NW,20009,39.0,https://embassy-inn-hotel-dc.com/,-8575614.11419406,4709108.36951525,0,1
GEORGETOWN UNIVERSITY HOTEL & CONFERENCE CENTER,3800 RESERVOIR ROAD NW,20007,146.0,http://www.acc-guhotelandconferencecenter.com/,-8579981.3970661,4709104.34214434,1,1
HOMEWOOD SUITES WASHINGTON DC NOMA UNION STATION,501 NEW YORK AVENUE NE,20002,,http://homewoodsuites3.hilton.com/en/hotels/district-of-columbia/homewood-suites-by-hilton-washington-dc-noma-union-station-DCANEHW/index.html,-8571234.56785601,4708981.72715525,0,1
HAMPTON INN WASHINGTON DC NOMA UNION STATION,501 NEW YORK AVENUE NE,20002,,http://hamptoninn3.hilton.com/en/hotels/district-of-columbia/hampton-inn-washington-dc-noma-union-station-DCANYHX/index.html,-8571257.33256254,4708974.38076569,0,1
THE EMBASSY ROW HOTEL,2015 MASSACHUSETTS AVENUE NW,20036,231.0,http://www.embassyrowhotel.com/,-8576687.24581699,4708892.79350645,1,1
THE FAIRFAX AT EMBASSY ROW,2100 MASSACHUSETTS AVENUE NW,20008,259.0,https://fairfaxwashingtondc.com,-8576835.5633656,4708859.17193543,1,1
THE DUPONT CIRCLE HOTEL,1500 NEW HAMPSHIRE AVENUE NW,20036,327.0,http://www.doylecollection.com/locations/washington_dc_hotels/the_dupont_circle_hotel.aspx,-8576398.09327416,4708856.36022381,1,1
THE BARON HOTEL,1523 22ND STREET NW,20037,53.0,http://www.thebaronhotel.com/,-8576997.56511245,4708831.39187177,0,1
MOTEL 6 WASHINGTON DC - CONVENTION CENTER,1345 4TH STREET NE,20002,33.0,https://www.motel6.com/en/motels.dc.washington.4481.html?ncr=true,-8571367.05121092,4708813.35538363,0,1
KIMPTON HOTEL PALOMAR WASHINGTON DC,2121 P STREET NW,20037,335.0,http://www.hotelpalomar-dc.com/,-8576879.04970258,4708762.42991247,1,1
"RESIDENCE INN WASHINGTON, DC/DUPONT CIRCLE",2120 P STREET NW,20037,107.0,http://www.marriott.com/hotels/travel/wasri-residence-inn-washington-dc-dupont-circle/,-8576868.86750569,4708704.72617247,1,1
THE AVERY GEORGETOWN,2616 P STREET NW,20007,,https://www.averygeorgetown.com/,-8577762.92578531,4708678.88508673,0,1
"CAMBRIA HOTEL WASHINGTON, DC CONVENTION CENTER",899 O STREET NW,20001,,https://www.cambriadc.com/en-us,-8574241.31068361,4708609.82096345,0,1
BED AND BREAKFAST DC,1339 14TH STREET NW,20005,,https://www.bedandbreakfastdc.com,-8575122.30028461,4708580.44087829,0,1
THE MANSION ON O STREET,2020 O STREET NW,20036,49.0,http://omansion.com/lodging,-8576713.41552746,4708557.85420046,0,1
DC LOFTY HOSTEL,1333 11TH STREET NW,20001,,http://dclofty.com/,-8574578.10086351,4708547.74081505,0,1
KIMPTON ROUGE HOTEL,1315 16TH STREET NW,20036,137.0,http://www.rougehotel.com/,-8575623.0421467,4708541.09059757,1,1
HOLIDAY INN WASHINGTON DC-CENTRAL/WHITE HOUSE,1501 RHODE ISLAND AVENUE NW,20005,212.0,http://www.inndc.com/,-8575493.98185759,4708519.58114929,1,1
KIMPTON MASON & ROOK HOTEL,1430 RHODE ISLAND AVENUE NW,20005,178.0,https://www.masonandrookhotel.com/,-8575275.1502743,4708514.54684131,1,1
THE DISTRICT HOTEL,1440 RHODE ISLAND AVENUE NW,20005,58.0,http://dcembassyinn.wixsite.com/district,-8575301.3279618,4708501.13487211,0,1
THE DARCY HOTEL,1515 RHODE ISLAND AVENUE NW,20005,226.0,https://www.thedarcyhotel.com/,-8575553.7040583,4708493.8098692,1,1
"COURTYARD WASHINGTON, DC/U.S. CAPITOL",1325 2ND STREET NE,20002,218.0,http://www.marriott.com/hotels/travel/wasus-courtyard-washington-dc-us-capitol/,-8571953.22490255,4708473.87936154,1,1
INN AT DUPONTÂ SOUTH,1312 19TH STREET NW,20036,8.0,http://www.thedupontcollection.com,-8576465.07286464,4708466.13125552,0,1
KIMPTON HOTEL MADERA,1310 NEW HAMPSHIRE AVENUE NW,20036,82.0,http://www.hotelmadera.com/,-8576694.34099392,4708450.48975875,0,1
HYATT PLACE WASHINGTON DC/US CAPITOL,33 NEW YORK AVENUE NE,20002,200.0,https://washingtondcuscapitol.place.hyatt.com/en/hotel/home.html,-8572456.51526313,4708438.25572798,1,1
TABARD INN,1739 N STREET NW,20036,40.0,http://www.tabardinn.com/,-8576052.82283672,4708424.97990748,0,1
KIMPTON TOPAZ HOTEL,1733 N STREET NW,20036,99.0,http://www.topazhotel.com/,-8576021.42752438,4708419.9162524,0,1
GEORGETOWN INN,1310 WISCONSIN AVENUE NW,20007,96.0,http://www.georgetowninn.com/,-8578676.80611843,4708389.37400888,0,1
BEACON HOTEL AND CORPORATE QUARTERS,1615 RHODE ISLAND AVENUE NW,20036,60.0,http://www.beaconhotelwdc.com/,-8575836.71758762,4708366.97891328,0,1
THE DISTRICT BY HILTON CLUB,1250 22ND STREET NW,20037,318.0,http://www3.hilton.com/en/hotels/district-of-columbia/the-district-by-hilton-club-WASVCGV/index.html,-8577105.27986544,4708338.40418009,1,1
"HOMEWOOD SUITES WASHINGTON, D.C. DOWNTOWN",1475 MASSACHUSETTS AVENUE NW,20005,175.0,http://homewoodsuites3.hilton.com/en/hotels/district-of-columbia/homewood-suites-by-hilton-washington-dc-downtown-WASHWHW/index.html,-8575339.44212585,4708313.72062342,1,1
COURTYARD WASHINGTON EMBASSY ROW,1600 RHODE ISLAND AVENUE NW,20036,158.0,http://www.marriott.com/hotels/travel/wasem-courtyard-washington-embassy-row/,-8575716.68103455,4708312.22112804,1,1
DUO HOUSING HOSTEL,1223 11TH STREET NW,20001,,http://duohousing.com/,-8574576.8173391,4708283.52237146,0,1
THE CONCORDIA,1250 NEW HAMPSHIRE AVENUE NW,20036,121.0,http://www.theconcordia.com/,-8576825.46923554,4708271.34836183,1,1
HILTON GARDEN INN WASHINGTON DC/U.S. CAPITOL,1225 1ST STREET NE,20002,204.0,http://hiltongardeninn3.hilton.com/en/hotels/district-of-columbia/hilton-garden-inn-washington-dc-us-capitol-DCANMGI/index.html,-8572226.25336196,4708255.68021369,1,1
WASHINGTON PLAZA HOTEL,10 THOMAS CIRCLE NW,20005,355.0,http://www.washingtonplazahotel.com/,-8575049.04484248,4708252.97287297,1,1
WASHINGTON MARRIOTT GEORGETOWN,1221 22ND STREET NW,20037,470.0,http://www.marriott.com/hotels/travel/waswe-washington-marriott/,-8576998.92706181,4708227.63608457,1,1
"THE JEFFERSON, WASHINGTON, DC",1200 16TH STREET NW,20036,96.0,http://www.jeffersondc.com/,-8575714.94489673,4708208.04621338,0,1
SAINT GREGORY,2033 M STREET NW,20036,155.0,http://www.stgregoryhotelwdc.com/,-8576753.12655325,4708203.31835037,1,1
COMFORT INN DOWNTOWN DC/CONVENTION CENTER,1201 13TH STREET NW,20005,100.0,https://www.dcdowntownhotel.com/,-8574868.20711198,4708203.29058892,1,1
KELLOGG CONFERENCE HOTEL AT GALLAUDET UNIVERSITY,800 FLORIDA AVENUE NE,20002,97.0,http://kelloggconferencehotel.com/index.php,-8571036.62425254,4708184.83336124,0,1
PARK HYATT WASHINGTON,1201 24TH STREET NW,20037,216.0,http://parkwashington.hyatt.com/en/hotel/home.html,-8577292.11011185,4708178.08122728,1,1
THE FAIRMONT,2401 M STREET NW,20037,415.0,http://www.fairmont.com/washington/,-8577364.51882369,4708152.47338314,1,1
HYATT PLACE WASHINGTON DC/GEORGETOWN/WEST END,2121 M STREET NW,20037,168.0,https://www.hyatt.com/en-US/hotel/washington-dc/hyatt-place-washington-dc-georgetown-west-end/waszm,-8576961.78181729,4708148.6483704,1,1
HILTON GARDEN INN WASHINGTON DC/GEORGETOWN AREA,2201 M STREET NW,20037,,http://hiltongardeninn3.hilton.com/en/hotels/district-of-columbia/hilton-garden-inn-washington-dc-georgetown-area-WASWEGI/index.html,-8577062.86164602,4708145.3984693,0,1
MT. VERNON SQUARE BED & BREAKFAST,400 M STREET NW,20001,5.0,http://mvsbed.com/,-8573421.74399174,4708140.85816327,0,1
"THE MADISON WASHINGTON DC, A HILTON HOTEL",1177 15TH STREET NW,20005,365.0,http://www3.hilton.com/en/hotels/district-of-columbia/the-madison-washington-dc-a-hilton-hotel-DCAKEHH/accommodations/index.html,-8575392.58374341,4708126.65196043,1,1
"THE WESTIN WASHINGTON, D.C. CITY CENTER",1400 M STREET NW,20005,406.0,http://www.starwoodhotels.com/westin/property/overview/index.html?propertyID=1761,-8575323.13567406,4708119.04895184,1,1
KIMPTON DONOVAN HOTEL,1155 14TH STREET NW,20005,193.0,http://www.donovanhousehotel.com/,-8575115.19950552,4708086.73965919,1,1
"THE WESTIN GEORGETOWN, WASHINGTON D.C.",2350 M STREET NW,20037,267.0,http://www.westingeorgetown.com/,-8577288.87972231,4708069.82378201,1,1
THE GRAHAM GEORGETOWN,1075 THOMAS JEFFERSON STREET NW,20007,57.0,https://www.thegrahamgeorgetown.com/,-8578271.43565206,4708043.61859851,0,1
THE WINK WASHINGTON DC,1143 NEW HAMPSHIRE AVENUE NW,20037,346.0,https://www.thewinkhoteldc.com/,-8576895.62735742,4708035.50165618,1,1
FOUR SEASONS HOTEL,2800 PENNSYLVANIA AVENUE NW,20007,222.0,http://www.fourseasons.com/washington/,-8577973.38311498,4708029.68720666,1,1
"THE RITZ-CARLTON, WASHINGTON, D.C.",1150 22ND STREET NW,20037,300.0,http://www.ritzcarlton.com/en/Properties/WashingtonDC/Default.htm,-8577063.47951385,4708004.98779099,1,1
"THE MAYFLOWER HOTEL, AUTOGRAPH COLLECTION",1127 CONNECTICUT AVENUE NW,20036,657.0,https://www.marriott.com/hotels/travel/wasak-the-mayflower-hotel-autograph-collection/,-8575994.44576608,4707994.03953897,1,1
THE ELDON LUXURY SUITES,933 L STREET NW,20001,50.0,http://eldonsuites.com/,-8574428.30790504,4707991.85350459,0,1
"RESIDENCE INN WASHINGTON, DC DOWNTOWN",1199 VERMONT AVENUE NW,20005,202.0,http://www.marriott.com/hotels/travel/wasdc-residence-inn-washington-dc-downtown/,-8575204.58023401,4707990.27955671,1,1
MORRISON-CLARK INN,1011 L STREET NW,20001,114.0,http://www.morrisonclark.com/,-8574551.28054378,4707984.7824785,1,1
HOMEWOOD SUITES WASHINGTON DC CONVENTION CENTER,465 NEW YORK AVENUE NW,20001,,http://homewoodsuites3.hilton.com/en/hotels/district-of-columbia/homewood-suites-by-hilton-washington-dc-convention-center-WASCOHW,-8573637.19760007,4707984.74997289,0,1
GEORGETWON SUITES 30TH STREET,1111 30TH STREET NW,20007,220.0,http://www.georgetownsuites.com/,-8578162.85927081,4707982.51814861,1,1
RESIDENCE INN WASHINGTON DOWNTOWN/CONVENTION CENTER,901 L STREET NW,20001,,https://www.marriott.com/hotels/maps/travel/wasrd-residence-inn-washington-downtown-convention-center/,-8574306.51093101,4707980.49531308,0,1
COURTYARD WASHINGTON DOWNTOWN/CONVENTION CENTER,901 L STREET NW,20001,,https://www.marriott.com/hotels/travel/wasyv-courtyard-washington-downtown-convention-center/,-8574293.71160978,4707980.26548516,0,1
THE GEORGETOWN HOUSE,1061 31ST STREET NW,20007,11.0,https://www.thegeorgetownhousedc.com/,-8578388.00135476,4707977.5244177,0,1
GEORGETOWN INN WEST END,1121 NEW HAMPSHIRE AVENUE NW,20037,76.0,https://www.georgetowninnwestend.com/,-8576939.01263021,4707974.16573643,0,1
"ROSEWOOD WASHINGTON, D.C.",1050 31ST STREET NW,20007,61.0,https://www.rosewoodhotels.com/en/washington-dc,-8578442.29486434,4707929.15149817,0,1
HOTEL RL,1823 L STREET NW,20036,99.0,https://www.redlion.com/washington-dc,-8576355.07389811,4707927.57670117,0,1
THE ARCHITECT HOTEL,1025 15TH STREET NW,20005,,http://www.thearchitecthotel.com/,-8575415.43376848,4707866.30120372,0,1
AVENUE SUITES HOTEL,2500 PENNSYLVANIA AVENUE NW,20037,124.0,https://www.avenuesuitesgeorgetown.com/,-8577575.56570046,4707849.80597991,1,1
ONE WASHINGTON CIRCLE HOTEL,1 WASHINGTON CIRCLE NW,20037,151.0,http://www.thecirclehotel.com/,-8577136.49261804,4707840.86786216,1,1
"MARRIOT MARQUIS WASHINGTON, DC",901 MASSACHUSETTS AVENUE NW,20001,1175.0,https://www.marriott.com/hotels/travel/wasco-marriott-marquis-washington-dc,-8574295.49733707,4707826.77882353,1,1
RITZ-CARLTON GEORGETOWN,3100 SOUTH STREET NW,20007,86.0,http://www.ritzcarlton.com/en/hotels/washington-dc/georgetown,-8578469.64605438,4707818.11869846,0,1
HENLEY PARK HOTEL,926 MASSACHUSETTS AVENUE NW,20001,96.0,http://www.henleypark.com/,-8574462.86965324,4707808.79543782,0,1
CAPITAL HILTON,1001 16TH STREET NW,20036,541.0,http://www3.hilton.com/en/hotels/district-of-columbia/capital-hilton-DCASHHH/index.html,-8575601.06312048,4707805.21379567,1,1
MELROSE GEORGETOWN HOTEL,2430 PENNSYLVANIA AVENUE NW,20037,277.0,http://www.melrosehoteldc.com/,-8577465.13511853,4707789.48634365,1,1
GEORGETOWN SUITES HARBOUR,1000 29TH STREET NW,20007,222.0,http://www.georgetownsuites.com/,-8578097.39069617,4707776.61365356,1,1
HAMILTON HOTEL WASHINGTON DC,1001 14TH STREET NW,20005,301.0,http://www.hamiltonhoteldc.com/,-8575117.35129001,4707776.27095074,1,1
EATON WASHINGTON DC,1201 K STREET NW,20005,209.0,https://www.eatonworkshop.com/hotel/dc,-8574769.55905334,4707775.71575151,1,1
HI WASHINGTON DC HOSTEL,1009 11TH STREET NW,20001,250.0,http://www.hiusa.org/washingtondc/,-8574579.44106494,4707774.93590233,1,1
HYATT PLACE WASHINGTON DC/WHITE HOUSE,1522 K STREET NW,20005,164.0,https://www.hyatt.com/en-US/hotel/washington-dc/hyatt-place-washington-dc-white-house/waszw,-8575570.60606045,4707666.31486029,1,1
"THE ST. REGIS WASHINGTON, D.C.",923 16TH STREET NW,20006,193.0,http://www.starwoodhotels.com/stregis/property/overview/index.html?propertyID=193,-8575619.28096603,4707659.64652818,1,1
EMBASSY SUITES BY HILTON WASHINGTON DC CONVENTION CENTER,900 10TH STREET NW,20001,382.0,http://embassysuites3.hilton.com/en/hotels/district-of-columbia/embassy-suites-washington-dc-convention-center-WASCCES/index.html,-8574518.03387078,4707646.71277334,1,1
RENAISSANCE WASHINGTON DC DOWNTOWN,999 9TH STREET NW,20001,807.0,http://www.marriott.com/hotels/travel/wasrb-renaissance-washington-dc-downtown-hotel/,-8574238.01301993,4707620.09012303,1,1
HAMPTON INN WASHINGTON DOWNTOWN CONVENTION CENTER,901 6TH STREET NW,20001,228.0,http://hamptoninn3.hilton.com/en/hotels/district-of-columbia/hampton-inn-washington-downtown-convention-center-WASHHHX/index.html,-8573788.4683219,4707613.22605101,1,1
HOTEL LOMBARDY,2019 PENNSYLVANIA AVENUE NW,20006,140.0,http://www.hotellombardy.com/,-8576712.66766406,4707577.53440655,1,1
CAPITAL VIEW HOSTEL,301 I STREET NW,20001,,http://www.capitalhostels.com/,-8573318.9490133,4707568.44829145,0,1
CONRAD WASHINGTON DC,950 NEW YORK AVENUE NW,20001,,http://conradhotels3.hilton.com/en/hotels/district-of-columbia/conrad-washington-dc-WASCICI/index.html,-8574428.95962841,4707565.0419418,0,1
THE RIVER INN,924 25TH STREET NW,20037,125.0,http://www.theriverinn.com/,-8577580.2226883,4707562.2790284,1,1
"CLUB QUARTERS HOTEL WASHINGTON, D.C.",839 17TH STREET NW,20006,185.0,https://clubquartershotels.com/locations/club-quarters-hotel-washington-dc,-8575969.26476243,4707512.50031822,1,1
HILTON GARDEN INN WASHINGTON DC DOWNTOWN,815 14TH STREET NW,20005,300.0,http://hiltongardeninn3.hilton.com/en/hotels/district-of-columbia/hilton-garden-inn-washington-dc-downtown-DCACHGI/index.html,-8575133.64111307,4707454.00343905,1,1
THE HAY-ADAMS,800 16TH STREET NW,20006,145.0,http://www.hayadams.com/,-8575715.05620285,4707433.78529087,1,1
SOFITEL WASHINGTON DC LAFAYETTE SQUARE,806 15TH STREET NW,20005,237.0,http://www.sofitel.com/gb/hotel-3293-sofitel-washington-dc-lafayette-square/index.shtml,-8575384.56111701,4707430.97633455,1,1
HAMPTON INN WASHINGTON DC/WHITE HOUSE,1729 H STREET NW,20006,116.0,http://hamptoninn3.hilton.com/en/hotels/district-of-columbia/hampton-inn-washington-dc-white-house-WASHSHX/index.html,-8576177.1005036,4707426.78330811,1,1
CITY HOUSE HOSTEL WASHINGTON DC,506 H STREET NE,20002,,http://www.cityhousehostels.com/washington-dc/,-8571500.44577966,4707420.00887087,0,1
ARC THE.HOTEL,824 NEW HAMPSHIRE AVENUE NW,20037,95.0,https://arcthehoteldc.com,-8577465.18834396,4707390.86394344,0,1
POD HOTEL DC,627 H STREET NW,20001,,https://www.thepodhotel.com/pod-dc/,-8573961.04547414,4707360.7053831,0,1
AKA WHITE HOUSE,1710 H STREET NW,20006,142.0,http://www.stayaka.com/locations/white_house/default.aspx,-8576086.33710793,4707352.73201442,1,1
"RESIDENCE INN WASHINGTON, DC/FOGGY BOTTOM",801 NEW HAMPSHIRE AVENUE NW,20037,103.0,https://www.marriott.com/hotels/travel/wasfg-residence-inn-washington-dc-foggy-bottom/,-8577417.09730891,4707336.82404886,1,1
THE WOODWARD BY BRIDGESTREET,733 15TH STREET NW,20005,,https://www.bridgestreet.com/properties/washington/the-woodward,-8575316.11218201,4707334.77245361,0,1
"FAIRFIELD INN & SUITES WASHINGTON, DC/DOWNTOWN",500 H STREET NW,20001,189.0,http://www.marriott.com/hotels/travel/wasfc-fairfield-inn-and-suites-washington-dc-downtown/,-8573744.02643845,4707309.45656217,1,1
MARRIOTT AT METRO CENTER,775 12TH STREET NW,20005,459.0,http://www.marriott.com/hotels/travel/wasmc-washington-marriott-at-metro-center/,-8574694.13548492,4707267.17848941,1,1
THE WATERGATE HOTEL,2650 VIRGINIA AVENUE NW,20037,336.0,https://www.thewatergatehotel.com,-8577814.82755633,4707263.50143086,1,1
GRAND HYATT WASHINGTON,1000 H STREET NW,20001,897.0,https://washingtondc.grand.hyatt.com/en/hotel/home.html,-8574549.64773145,4707264.28375209,1,1
HOTEL HIVE,2224 F STREET NW,20037,50.0,http://www.hotelhive.com,-8577129.51734934,4706952.48947948,0,1
PHOENIX PARK HOTEL,520 NORTH CAPITOL STREET NW,20001,149.0,http://www.phoenixparkhotel.com/,-8572656.14205764,4706941.6394724,1,1
COURTYARD WASHINGTON CONVENTION CENTER,900 F STREET NW,20004,188.0,http://www.marriott.com/hotels/travel/wascn-courtyard-washington-convention-center/,-8574309.03224743,4706938.97415641,1,1
KIMPTON HOTEL MONACO,700 F STREET NW,20004,183.0,http://www.monaco-dc.com/,-8574101.65468068,4706927.89490552,1,1
W WASHINGTON D.C.,515 15TH STREET NW,20004,317.0,http://www.wwashingtondc.com/,-8575318.09248852,4706923.10164925,1,1
WASHINGTON COURT HOTEL,525 NEW JERSEY AVENUE NW,20001,265.0,http://washingtoncourthotel.com/,-8572836.5252181,4706902.25548118,1,1
"COURTYARD WASHINGTON, DC/FOGGY BOTTOM",515 20TH STREET NW,20006,149.0,http://www.marriott.com/hotels/travel/wasfb-courtyard-washington-dc-foggy-bottom/,-8576575.68053851,4706860.04391401,1,1
WILLARD INTERCONTINENTAL WASHINGTON D.C.,1401 PENNSYLVANIA AVENUE NW,20004,340.0,http://washington.intercontinental.com/,-8575201.65194038,4706856.91522757,1,1
KIMPTON GEORGE HOTEL,15 E STREET NW,20001,139.0,http://www.hotelgeorge.com/,-8572703.94568775,4706843.09043939,1,1
STATE PLAZA HOTEL,2117 E STREET NW,20037,460.0,http://www.stateplaza.com/,-8576888.82232454,4706841.11187143,1,1
JW MARRIOTT,1331 PENNSYLVANIA AVENUE NW,20004,772.0,http://www.marriott.com/hotels/travel/wasjw-jw-marriott-washington-dc/,-8575093.33953276,4706839.05609677,1,1
HOTEL HARRINGTON,436 11TH STREET NW,20004,242.0,http://www.hotel-harrington.com/,-8574640.25891766,4706781.34944601,1,1
STAY ALFRED ON 8TH STREET,425 8TH STREET NW,20004,,https://www.stayalfred.com/property/stay-alfred-on-8th-street,-8574130.26908708,4706763.47684611,0,1
THE LIASON CAPITOL HILL,415 NEW JERSEY AVENUE NW,20001,343.0,https://www.jdvhotels.com/hotels/washington-dc/washington/liaison-capitol-hill,-8572790.35567159,4706699.20923178,1,1
HYATT REGENCY WASHINGTON ON CAPITOL HILL,400 NEW JERSEY AVENUE NW,20001,836.0,http://washingtonregency.hyatt.com/en/hotel/home.html,-8572903.85696611,4706696.0642739,1,1
"TRUMP INTERNATIONAL HOTEL WASHINGTON, D.C.",1100 PENNSYLVANIA AVENUE NW,20004,263.0,https://www.trumphotels.com/washington-dc,-8574669.16709357,4706514.59037105,1,1
FOUND PLACES CAPITOL HILL BED AND BREAKFAST,101 5TH STREET NE,20002,11.0,https://www.capitolhillbnb.com/en-us,-8571518.71816131,4706082.53313805,0,1
A CAPITOL PLACE,134 12TH STREET SE,20003,5.0,,-8570485.30956071,4705694.60909279,0,1
INDEPENDENCE HOUSE B & B,504 INDEPENDENCE AVENUE SE,20003,,https://www.bedandbreakfastdc.com/accommodations/independence-house-b-b,-8571510.26634946,4705612.11345736,0,1
CAPITOL HILL HOTEL,200 C STREET SE,20003,152.0,http://capitolhillhotel-dc.com/,-8571943.27719999,4705389.38354213,1,1
HOLIDAY INN CAPITOL,550 C STREET SW,20024,532.0,http://www.hicapitoldc.com/,-8573785.85614645,4705303.81647563,1,1
HILTON WASHINGTON DC NATIONAL MALL,480 L'ENFANT PLAZA SW,20024,372.0,http://hiltondcnationalmall.com/,-8574313.39517688,4705056.15900023,1,1
"RESIDENCE INN WASHINGTON, DC/CAPITOL",333 E STREET SW,20024,233.0,http://www.marriott.com/hotels/travel/wascp-residence-inn-washington-dc-capitol/,-8573374.40732389,4705015.02685676,1,1
MANDARIN ORIENTAL,1330 MARYLAND AVENUE SW,20024,400.0,https://www.mandarinoriental.com/washington/national-mall/luxury-hotel,-8574990.59922096,4705013.3262908,1,1
DUO NOMAD,1010 PENNSYLVANIA AVENUE SE,20003,,https://www.duonomad.com,-8570722.96338451,4704979.43381213,0,1
HYATT PLACE WASHINGTON DC/NATIONAL MALL,400 E STREET SW,20024,214.0,https://dcnationalmall.place.hyatt.com/en/hotel/home.html,-8573600.74185802,4704935.71846191,1,1
INTERCONTINENTAL WASHINGTON D.C. - THE WHARF,801 WHARF STREET SW,20024,,https://wharfintercontinentaldc.com,-8574389.29016069,4704414.12680036,0,1
CAPITOL SKYLINE HOTEL,10 I STREET SW,20024,203.0,http://www.capitolskyline.com/,-8572684.2021196,4704358.84230416,1,1
CANOPY WASHINGTON DC THE WHARF,975 7TH STREET SW,20024,,http://canopy3.hilton.com/en/hotels/district-of-columbia/canopy-by-hilton-washington-dc-the-wharf-DCACUPY/index.html,-8574209.47915749,4704288.03668621,0,1
COURTYARD WASHINGTON CAPITOL HILL/NAVY YARD,140 L STREET SE,20003,204.0,http://www.marriott.com/hotels/travel/wasny-courtyard-washington-capitol-hill-navy-yard/,-8572041.96914974,4704169.92994909,1,1
HOMEWOOD SUITES WASHINGTON DC CAPITOL - NAVY YARD,50 M STREET SE,20003,195.0,http://homewoodsuites3.hilton.com/en/hotels/district-of-columbia/homewood-suites-by-hilton-washington-dc-capitol-navy-yard-WASCAHW/index.html,-8572409.93509609,4704022.47927947,1,1
RESIDENCE INN WASHINGTON CAPITOL HILL/NAVY YARD,1233 1ST STREET SE,20003,,https://www.marriott.com/hotels/travel/wasxr-residence-inn-washington-capitol-hill-navy-yard/,-8572291.52959321,4703915.16133485,0,1
HAMPTON INN & SUITES WASHINGTON DC-NAVY YARD,1265 1ST STREET SE,20003,,http://hamptoninn3.hilton.com/en/hotels/district-of-columbia/hampton-inn-and-suites-washington-dc-navy-yard-WASNYHX/index.html,-8572289.94261479,4703781.41680942,0,1
